<enemies>
	<Bat
		name="Bat"
		sprite="bat"
		ai_package="bat"
		
		mass="10"
		viewRange="5.0"
		viewAngle="0"

		collectible="health1,magic1"		
		isFlying="true"
		
		damage="5.0"
	>
		<attributes>
			<maxHP val="50"/>
			<agility val="2.0"/>
		</attributes>
	</Bat>

	<BlueFairy
		name="Blue Fairy"

		sprite="blueFairy"
		ai_package=""
		firepattern="BlueFairyFirePattern"
		
		mass="25"
		viewRange="5"
		viewAngle="90"

		damage="5.0"
		collectible="health1,magic1"		
	>
		<attributes>
			<shieldLevel val="1"/>
			<maxHP val="90"/>
			<maxMP val="75"/>
			<maxStamina val="50"/>
			<staminaRegen val="0.02"/>
			<agility val="2.5"/>
			<stressFromHits val="1.5"/>
			<stressFromBlocks val="1.0"/>
			<bombSensitivity val="1.25"/>
			<bulletSensitivity val="0.75"/>
			<meleeSensitivity val="0.75"/>
		</attributes>
	</BlueFairy>
	
	<Facer
		sprite="facer"
		ai_package="facer"
		
		mass="40"
	>
		<attributes>
			<maxSpeed val="1.0"/>
			<maxAcceleration val="4.5"/>
			<bulletSensitivity val="0.0"/>
		</attributes>
	</Facer>

	<Fairy1
		name="Fairy I"

		sprite="greenFairy"
		firepattern="Fairy1BulletPattern"
		
		mass="40"
		viewRange="6"
		viewAngle="0"

		collectible="health1,magic1"		
	>
		<attributes>
			<maxHP val="30"/>
			<maxSpeed val="3.0"/>
			<maxAcceleration val="4.5"/>
		</attributes>
	</Fairy1>
	
	<Follower
		sprite="follower"
		ai_package="follower"
		
		mass="40"
	>
		<attributes>
			<maxSpeed val="1.0"/>
			<maxAcceleration val="4.5"/>
			<bulletSensitivity val="0.0"/>
		</attributes>
	</Follower>

	<ForestMarisa
		name="Marisa Kirisame"
		sprite="marisa"
		ai_package="forest_marisa"
		
		mass="33"
		viewRange="6.0"
		viewAngle="0"
	>
		<attributes>
			<maxHP val="100"/>
			<maxSpeed val="3.0"/>
			<maxAcceleration val="6.0"/>
		</attributes>
	</ForestMarisa>
	
 	<GhostFairy
		name="Ghost Fairy"

		sprite="ghostFairy"
		ai_package="ghost_fairy"
		firepattern="GhostFairyBulletPattern"

		effects="GhostProtection"
		
		mass="10"
		viewRange="3"
		viewAngle="0"

		collectible="health1,magic1"		
	>
		<attributes>
			<maxHP val="75"/>
			<agility val="2.5"/>
			<bulletSensitivity val="1.25"/>
		</attributes>
	</GhostFairy>

	<GreenFairy1
		name="Green Fairy I"

		sprite="greenFairy"
		ai_package="green_fairy"
		firepattern="GreenFairy1"
		
		mass="15"
		viewRange="4.5"
		viewAngle="0"

		damage="3.0"
		collectible="health1,magic1,speed1"		
	>
		<attributes>
			<maxHP val="60"/>
			<agility val="3.0"/>
			<stressFromHits val="0.5"/>
		</attributes>
	</GreenFairy1>

	<GreenFairy2
		name="Green Fairy II"

		sprite="greenFairy2"
		ai_package="green_fairy"
		firepattern="GreenFairy2"
		
		mass="25"
		viewRange="6.0"
		viewAngle="0"

		damage="6.0"
		collectible="health2,magic2,speed2"		
	>
		<attributes>
			<maxHP val="90"/>
			<agility val="4.0"/>
			<stressFromHits val="0.5"/>
		</attributes>
	</GreenFairy2>

	<IceFairy
		name="Ice Fairy"

		sprite="blueFairy2"
		ai_package="ice_fairy"
		firepattern="IceFairyBulletPattern"
		
		mass="40"
		viewRange="6.0"
		viewAngle="45"

		collectible="magic2"		
	>
		<attributes>
			<maxHP val="15"/>
			<maxSpeed val="4.5"/>
			<maxAcceleration val="4.5"/>
			<iceSensitivity val="0.0"/>
		</attributes>
	</IceFairy>

	<RedFairy
		name="Red Fairy"

		sprite="redFairy"
		ai_package="red_fairy"
		firepattern="RedFairy"
		
		mass="25"
		viewRange="7.5"
		viewAngle="0"

		collectible="health2,magic2"		
	>
		<attributes>
			<maxHP val="120"/>
			<maxMP val="80"/>
			<agility val="1.5"/>
			<stressFromHits val="1.0"/>
			<bombSensitivity val="0.5"/>
			<bulletSensitivity val="0.75"/>
			<meleeSensitivity val="1.25"/>
		</attributes>
	</RedFairy>
	
	<PatchouliEnemy
		name="Patchouli"
		
		sprite="patchouli"
		ai_package="patchouli_enemy"
		
		mass="30"
		
		collectible="magic2"
	>
		<attributes>
			<maxHP val="300"/>
			<maxMP val="5"/>
			<maxSpeed val="2.0"/>
			<maxAcceleration val="4.0"/>
		</attributes>
	</PatchouliEnemy>
	
	<ReimuEnemy
		name="Reimu Hakurei"
		
		sprite="reimu"
		ai_package="reimu_enemy"
		firepattern="ReimuWavePattern"
		
		mass="40"
		viewRange="5.0"
		viewAngle="0.0"
		
		collectible="magic2"
	>
		<attributes>
			<maxHP val="100"/>
			<maxMP val="5"/>
			<maxSpeed val="2.0"/>
			<maxAcceleration val="4.0"/>
		</attributes>
	</ReimuEnemy>
	
	<Rumia1
		name="Rumia"
	
		sprite="rumia"
		light="rumiaEnemy"
		ai_package="rumia1"
		firepattern="RumiaBurstPattern"
		
		mass="20.0"
		viewRange="6.0"
		viewAngle="0.0"
		
		detectEssence="false"
		isFlying="false"
	>
		<attributes>
			<maxHP val="250"/>
			<maxMP val="50"/>
			<agility val="2.0"/>
		</attributes>
	</Rumia1>

	<Rumia2
		name="Rumia II"
	
		sprite="rumia"
		light="rumiaEnemy"
		ai_package="rumia2"
		firepattern="RumiaBurstPattern2"
		
		mass="20.0"
		viewRange="6.0"
		viewAngle="0.0"
		
		detectEssence="false"
		isFlying="false"
	>
		<attributes>
			<maxHP val="50"/>
			<maxMP val="50"/>
			<agility val="2.5"/>
		</attributes>
	</Rumia2>
	
 	<Sakuya
		sprite="sakuya"
		ai_package="sakuya"
		
		mass="40"
		viewRange="6"
		viewAngle="0"
	>
		<attributes>
			<maxHP val="30"/>
			<maxSpeed val="3.0"/>
			<maxAcceleration val="4.5"/>
		</attributes>
	</Sakuya>
	
	<Scorpion1
		name="Scorpion I"
		sprite="scorpion"
		ai_package="scorpion1"
		
		mass="10"
		viewRange="6"
		viewAngle="0"

		damage="5"
		element="poisonDamage"
		collectible="health1,magic1"		
	>
		<attributes>
			<maxHP val="25"/>
			<maxSpeed val="2.0"/>
			<maxAcceleration val="6.0"/>
		</attributes>
	</Scorpion1>

	<Scorpion2
		name="Scorpion II"
		sprite="scorpion2"
		ai_package="scorpion2"
		
		mass="10"
		viewRange="6"
		viewAngle="0"

		damage="15"
		element="poisonDamage"
		collectible="health2,magic2"		
	>
		<attributes>
			<maxHP val="50"/>
			<maxSpeed val="3.0"/>
			<maxAcceleration val="9.0"/>
		</attributes>
	</Scorpion2>

	<Slime1
		name="Slime I"
		sprite="slime"
		ai_package="engage_player_in_room"
		
		radius="0.875"
		mass="40"
		viewRange="6"
		viewAngle="45"

		damage="5"
		element="slimeDamage"
		collectible="health1,magic1"		
	>
		<attributes>
			<maxHP val="15"/>
			<maxSpeed val="3.3"/>
			<maxAcceleration val="3.0"/>
		</attributes>
	</Slime1>

	<Slime2
		name="Slime II"
		sprite="slime"
		ai_package="engage_player_in_room"

		radius="1.75"
		mass="40"
		viewRange="6"
		viewAngle="45"

		damage="15"
		element="slimeDamage"
		collectible="health2,magic2"
	>
		<attributes>
			<maxHP val="50"/>
			<maxSpeed val="2.4"/>
			<maxAcceleration val="3.0"/>
		</attributes>
	</Slime2>

 	<Stalker
		sprite="stalker"
		ai_package="stalker"
		
		mass="40"
		viewRange="6.0"
		viewAngle="0"

		collectible="magic1"
		
		detectEssence="true"
	>
		<attributes>
			<maxHP val="12"/>
			<maxStamina val="10"/>
			<maxSpeed val="1.5"/>
			<maxAcceleration val="4.5"/>
		</attributes>
	</Stalker>
	
	<Tewi
		sprite="tewi"
		ai_package="evade_player_projectiles"
		
		mass="40"
		viewRange="6"
	>
		<attributes>
			<maxHP val="5.0"/>
			<maxSpeed val="6.0"/>
			<maxAcceleration val="36.0"/>
		</attributes>
	</Tewi>

	<ZombieFairy
		name="Zombie Fairy"
		sprite="zombieFairy"
		ai_package="zombie_fairy"
		attributes="zombieFairy"
		
		mass="25"
		viewRange="6.0"
		viewAngle="0"

		damage="20"
		element="darknessDamage"
		collectible="health2,magic2"
	>
		<attributes>
			<maxHP val="120"/>
			<maxSpeed val="2.0"/>
			<maxAcceleration val="10.0"/>
			<darknessSensitivity val="0.0"/>
		</attributes>
	</ZombieFairy>
	
<!-- 	<t
		sprite="auto"
		light=""
		ai_package=""
		
		mass=""
		viewRange="5.0"
		viewAngle="0"

		damage=""
		element=""
		collectible=""
		
		detectEssence=""
		isFlying=""
	/>
 -->
</enemies>
