<items>
    <ForestBook1
		name="Forest Book"
        sprite="forestBook"
        dialog="book_acquired"
    />
    <GraveyardBook1
		name="Graveyard Book"
        sprite="graveyardBook"
        dialog="book_acquired"
    />
    
	<MapFragment
		cls="auto"
		name="Map Fragment"
		sprite="mapFragment"
		addToInventory="false"
	/>

	<Mushroom
		name="Forest Mushroom"
		sprite="mushroom"
	/>
	
    <Spellcard
        sprite="spellcard"
        light="spellcard"
		cls="auto"
    />
    
    <Catadioptric base="Spellcard" name="Catadioptric"/>
    <PlayerBatMode base="Spellcard" name="Bat Mode" /> 
    <PlayerCounterClock base="Spellcard" name="Counter Cloock" />
    <starbowBreak base="Spellcard" name="Starbow Break" /> 
    
	<Upgrade
		cls="auto"
		radius="0.75"
		addToInventory="false"
	/>
	
	<hp_upgrade base="Upgrade" sprite="auto" />
	<mp_upgrade base="Upgrade" sprite="auto" />
	<stamina_upgrade base="Upgrade" sprite="auto" />
	<agility_upgrade base="Upgrade" sprite="auto" />
	<attack_upgrade base="Upgrade" sprite="auto" />
	<attack_speed_upgrade base="Upgrade" sprite="auto" />
	<shield_upgrade base="Upgrade" sprite="auto" />
	<bullet_speed_upgrade base="Upgrade" sprite="auto" />

	<health1 sprite="auto" cls="Collectible" />
	<health2 sprite="auto" cls="Collectible" />
	<health3 sprite="auto" cls="Collectible" />

	<magic1 sprite="auto" cls="Collectible" />
	<magic2 sprite="auto" cls="Collectible" />
	<magic3 sprite="auto" cls="Collectible" />

	<speed1 sprite="auto" cls="Collectible" />
	<speed2 sprite="auto" cls="Collectible" />

</items>